cover	0.4	2.8	cover card: OplogPic (owner's working name)	F: Op log pic.	F: Op log pic.
c1	3.3	9.1	chapter card 1 = owner's line: Photoshop clone, kernel OPLOG version, works on mobile without install and offline · live check 2026-10-10: offline reload paints, service worker active · owner's phone test	F: One. A Photoshop clone. | M: No install. Offline.	F: One. A Photoshop clone. | M: A kernel op log version, on mobile. | F: No install. | M: Offline too.
open	9.7	14.3	recording t=1-5: browser tab, address red1oon.github.io/bim-ootb/oplogpic/ · counter reads 3 ops in the log	F: Installed? | M: No. A browser tab.	F: Where is it? | M: In a browser tab. | F: Installed? | M: Nothing.
layers	14.7	20.1	recording t=6-11: layer blend-mode list on screen: normal multiply screen overlay soft-light hard-light darken lighten difference exclusion (10)	F: Blend modes? | M: Ten of them.	F: Layers, like Photoshop? | M: With ten blend modes. Multiply, screen, overlay, and more.
draw	20.3	35.7	recording t=11-27: colour box, strokes; counter 3 -> 4 (t=12) -> 6 (t=24) · side note on screen "Every action is one entry in an op log" · U6 undo equals a refold of the log (witness_log/HYPOTHESES.md)	F: Pick a colour, and draw. | M: One stroke, one log entry. Three, four, six.	F: Pick a colour, and just draw. | M: Each stroke is one entry in the log. | F: Can I see that? | M: The counter, top right. Three, four, then six. | F: And undo? | M: Exact. The same pixels as replaying the log without it.
colour	35.9	44.5	recording t=27-36: colour picker, olive stroke; counter 7 at t=36	F: Another colour? | M: Seven entries now.	F: Another colour? | M: Open the colour box, and pick. | F: Seven now. | M: Seven entries. Every one can be replayed.
smudge	44.9	50.7	recording t=36-42: Smudge tool highlighted, smeared strokes; counter 8 at t=42	F: Smudge? | M: It drags paint. Eight.	F: And smudge? | M: It drags the paint along. | F: Eight. | M: Still one entry per stroke.
erase	50.9	56.7	recording t=42-48: Erase tool highlighted, nicks in the strokes; counter 9 at t=45	F: The eraser? | M: Same idea. Nine.	F: The eraser? | M: Same idea. | F: Nine. | M: Nine entries in the log.
blur	56.9	62.7	recording t=48-54: Blur tool highlighted, olive stroke softened; counter 10 at t=54	F: Blur? | M: A brush. Ten.	F: And blur? | M: A brush, not a box. | F: Ten. | M: Ten entries, no server.
pick	62.9	66.5	recording t=54-58: Pick tool highlighted at t=57 (eyedropper, G1 in witness_log/HYPOTHESES.md)	F: Colour from the picture? | M: Pick.	F: Pick a colour from the picture? | M: The Pick tool does that.
new	66.9	73.2	recording t=64-70: New canvas armed ("tap again to clear"), blank page, counter back to 3 ops	F: Start over? | M: Two taps. Three entries.	F: Start over? | M: New canvas asks twice. | F: Back to three. | M: Three entries, a clean page.
c2	73.6	77.7	chapter card 2 = owner's line: just a POC, MIT licensed · repo LICENSE: MIT, Copyright 2026 Redhuan D. Oon	M: Two. A proof of concept. | F: M I T.	M: Two. Just a proof of concept. | F: M I T licensed.
road1	78.2	90.4	roadmap card Level 1 (plan agreed with the owner 2026-10-10: layer delete/hide/reorder, photo import, selection, re-edit past strokes, replay, share as link)	F: What next? | M: Layers, photos, selection. Then replay and share.	F: What comes next? | M: Level one. Layer delete, hide and reorder. Photo import. Selection. | F: And the history? | M: Edit a past stroke. Replay it. Share it as a link.
road2	90.6	103.4	roadmap card Levels 2-3 and the doctrine: local first, serverless, asynchronous, simple relay, no install (owner's signature, 2026-10-10); owner: suggestions welcome	M: Then masks, curves, colour profiles. | F: Local first. Serverless. | M: Ideas welcome.	M: Level two, masks and curves, behind an Advanced switch. Level three, colour profiles and big canvases, on desktop. | F: Always local first, serverless, and simple. | M: Suggestions and ideas are welcome.
end1	104.6	114.0	prior-art card (web search 2026-10-10: Photopea closed source; photobaer AGPL Rust/WebAssembly; PhotoCraft; Krita and GIMP open-source desktop; Graphite node-based) · repo README: replay hashes identical in Node, Chromium and three browser/GPU runs	F: Others exist. | M: None we found keeps a replayable log.	F: Others exist. Photopea, Krita, G I M P, Graphite. | M: None we found stores the picture as a replayable log. | F: That is the difference.
