cover	0.40	2.80	cover card: OplogPic (owner's working name)	F: Op log pic.	F: Op log pic.
c1	3.05	10.45	chapter card 1 = owner's line: Photoshop clone, kernel OPLOG version, works on mobile without install and offline · live check 2026-10-10: offline reload paints, service worker active · owner's phone test	F: Satu. Klon Photoshop. | M: Tanpa pasang. Luar talian.	F: Satu. Klon Photoshop. | M: Kernel log op, di telefon. | F: Tanpa pasang. | M: Luar talian.
open	10.70	15.30	recording t=1-5: browser tab, address red1oon.github.io/bim-ootb/oplogpic/ · counter reads 3 ops in the log	F: Dipasang? | M: Tidak. Tab pelayar.	F: Mana dia? | M: Dalam tab pelayar. | F: Dipasang? | M: Tidak.
layers	15.70	21.10	recording t=6-11: layer blend-mode list on screen: normal multiply screen overlay soft-light hard-light darken lighten difference exclusion (10)	F: Mod adunan? | M: Sepuluh.	F: Lapisan, seperti Photoshop? | M: Dengan sepuluh mod adunan.
draw	21.30	36.70	recording t=11-27: colour box, strokes; counter 3 -> 4 (t=12) -> 6 (t=24) · side note on screen "Every action is one entry in an op log" · U6 undo equals a refold of the log (witness_log/HYPOTHESES.md)	F: Pilih warna, dan lukis. | M: Satu sapuan, satu entri log. Tiga, empat, enam.	F: Pilih warna, terus lukis. | M: Satu sapuan, satu entri log. | F: Boleh lihat? | M: Pembilang di atas kanan. Tiga, empat, enam. | F: Buat asal? | M: Tepat. Piksel sama seperti log dimainkan semula tanpanya.
colour	36.90	45.50	recording t=27-36: colour picker, olive stroke; counter 7 at t=36	F: Warna lain? | M: Tujuh entri sekarang.	F: Warna lain? | M: Buka kotak warna, pilih. | F: Tujuh. | M: Tujuh entri. Semuanya boleh dimainkan semula.
smudge	45.90	51.70	recording t=36-42: Smudge tool highlighted, smeared strokes; counter 8 at t=42	F: Calit? | M: Seret cat. Lapan.	F: Dan calit? | M: Ia menyeret cat. | F: Lapan. | M: Masih satu entri setiap sapuan.
erase	51.90	57.70	recording t=42-48: Erase tool highlighted, nicks in the strokes; counter 9 at t=45	F: Pemadam? | M: Sama sahaja. Sembilan.	F: Pemadam? | M: Sama sahaja. | F: Sembilan. | M: Sembilan entri dalam log.
blur	57.90	63.85	recording t=48-54: Blur tool highlighted, olive stroke softened; counter 10 at t=54	F: Kabur? | M: Berus. Sepuluh.	F: Kabur? | M: Berus, bukan kotak. | F: Sepuluh. | M: Sepuluh entri.
pick	63.90	67.50	recording t=54-58: Pick tool highlighted at t=57 (eyedropper, G1 in witness_log/HYPOTHESES.md)	F: Warna daripada gambar? | M: Pick.	F: Pilih warna daripada gambar? | M: Alat Pick boleh.
new	67.90	74.20	recording t=64-70: New canvas armed ("tap again to clear"), blank page, counter back to 3 ops	F: Mula semula? | M: Dua ketik. Tiga entri.	F: Mula semula? | M: Kanvas baharu bertanya dua kali. | F: Kembali ke tiga. | M: Tiga entri.
c2	74.80	79.50	chapter card 2 = owner's line: just a POC, MIT licensed · repo LICENSE: MIT, Copyright 2026 Redhuan D. Oon	M: Dua. Bukti konsep. | F: M I T.	M: Dua. Sekadar bukti konsep. | F: Berlesen M I T.
road1	80.30	94.40	roadmap card Level 1 (plan agreed with the owner 2026-10-10: layer delete/hide/reorder, photo import, selection, re-edit past strokes, replay, share as link)	F: Apa seterusnya? | M: Lapisan, foto, pemilihan. Kemudian main semula dan kongsi.	F: Apa seterusnya? | M: Tahap satu. Lapisan, foto, pemilihan. | F: Dan sejarah? | M: Sunting sapuan lama, main semula, kongsi sebagai pautan.
road2	94.60	108.60	roadmap card Levels 2-3 and the doctrine: local first, serverless, asynchronous, simple relay, no install (owner's signature, 2026-10-10); owner: suggestions welcome	M: Kemudian topeng, lengkung, profil warna. | F: Setempat dahulu. Tanpa pelayan. | M: Idea dialu-alukan.	M: Tahap dua, topeng dan lengkung, di sebalik suis Lanjutan. Tahap tiga, profil warna dan kanvas besar, pada desktop. | F: Setempat dahulu, tanpa pelayan, dan ringkas. | M: Cadangan dan idea dialu-alukan.
end1	110.60	122.00	prior-art card (web search 2026-10-10: Photopea closed source; photobaer AGPL Rust/WebAssembly; PhotoCraft; Krita and GIMP open-source desktop; Graphite node-based) · repo README: replay hashes identical in Node, Chromium and three browser/GPU runs	F: Yang lain wujud. | M: Tiada yang kami temui menyimpan log yang boleh dimainkan semula.	F: Yang lain wujud. Photopea, Krita, G I M P, Graphite. | M: Tiada yang kami temui menyimpan gambar sebagai log boleh main semula. | F: Itulah bezanya.
