fixture	pierce_cells	W	unroutable_pct	stranded	rooms	o3_phantom_pct	o3_verdict	t5_retention_pct	wall_m2	encl_m2
Clinic	8	B	49.6	57	208	n/a	N/A	100.0	809	1980
Clinic	8	W:1.5	49.6	57	208	n/a	N/A	100.0	809	1980
Clinic	8	W:2.0	49.6	57	208	n/a	N/A	100.0	809	1980
Clinic	8	W:3.0	49.6	57	208	n/a	N/A	100.0	809	1980
Clinic	8	W:6.0	49.6	57	208	n/a	N/A	100.0	809	1980
Clinic	8	cur	49.6	57	208	n/a	N/A	100.0	809	1980
LTU_AHouse	8	B	38.0	292	519	38	FAIL	100.0	3499	22311
LTU_AHouse	8	W:1.5	34.5	143	368	38	FAIL	100.0	2981	22311
LTU_AHouse	8	W:2.0	28.5	127	326	38	FAIL	100.0	2774	22311
LTU_AHouse	8	W:3.0	26.4	35	301	38	FAIL	100.0	2547	22311
LTU_AHouse	8	W:6.0	22.4	28	290	38	FAIL	100.0	2454	22311
LTU_AHouse	8	cur	22.6	25	286	38	FAIL	100.0	2363	22311
Clinic	10	B	50.4	53	184	n/a	N/A	100.0	793	1980
Clinic	10	W:1.5	50.4	53	184	n/a	N/A	100.0	793	1980
Clinic	10	W:2.0	50.4	53	184	n/a	N/A	100.0	793	1980
Clinic	10	W:3.0	50.4	53	184	n/a	N/A	100.0	793	1980
Clinic	10	W:6.0	50.4	53	184	n/a	N/A	100.0	793	1980
Clinic	10	cur	50.4	53	184	n/a	N/A	100.0	793	1980
LTU_AHouse	10	B	25.2	276	489	94	FAIL	100.0	3467	22311
LTU_AHouse	10	W:1.5	30.2	124	344	94	FAIL	100.0	2950	22311
LTU_AHouse	10	W:2.0	24.8	111	302	94	FAIL	100.0	2744	22311
LTU_AHouse	10	W:3.0	23.0	26	276	94	FAIL	100.0	2519	22311
LTU_AHouse	10	W:6.0	18.7	20	265	94	FAIL	100.0	2426	22311
LTU_AHouse	10	cur	18.8	17	261	94	FAIL	100.0	2336	22311
Clinic	6	B	49.8	56	207	n/a	N/A	100.0	824	1980
Clinic	6	W:1.5	49.8	56	207	n/a	N/A	100.0	824	1980
Clinic	6	W:2.0	49.8	56	207	n/a	N/A	100.0	824	1980
Clinic	6	W:3.0	49.8	56	207	n/a	N/A	100.0	824	1980
Clinic	6	W:6.0	49.8	56	207	n/a	N/A	100.0	824	1980
Clinic	6	cur	49.8	56	207	n/a	N/A	100.0	824	1980
LTU_AHouse	6	B	40.9	294	531	33	FAIL	100.0	3534	22311
LTU_AHouse	6	W:1.5	37.8	150	378	33	FAIL	100.0	3014	22311
LTU_AHouse	6	W:2.0	30.7	133	336	33	FAIL	100.0	2807	22311
LTU_AHouse	6	W:3.0	29.1	41	309	33	FAIL	100.0	2579	22311
LTU_AHouse	6	W:6.0	25.3	34	297	33	FAIL	100.0	2484	22311
LTU_AHouse	6	cur	25.6	31	293	33	FAIL	100.0	2394	22311
Clinic	12	B	56.3	42	143	n/a	N/A	100.0	779	1980
Clinic	12	W:1.5	56.3	42	143	n/a	N/A	100.0	779	1980
Clinic	12	W:2.0	56.3	42	143	n/a	N/A	100.0	779	1980
Clinic	12	W:3.0	56.3	42	143	n/a	N/A	100.0	779	1980
Clinic	12	W:6.0	56.3	42	143	n/a	N/A	100.0	779	1980
Clinic	12	cur	56.3	42	143	n/a	N/A	100.0	779	1980
LTU_AHouse	12	B	24.1	262	457	85	FAIL	100.0	3436	22311
LTU_AHouse	12	W:1.5	26.9	113	323	85	FAIL	100.0	2920	22311
LTU_AHouse	12	W:2.0	23.3	106	285	85	FAIL	100.0	2715	22311
LTU_AHouse	12	W:3.0	20.6	23	266	85	FAIL	100.0	2491	22311
LTU_AHouse	12	W:6.0	18.7	20	255	85	FAIL	100.0	2399	22311
LTU_AHouse	12	cur	18.8	17	251	85	FAIL	100.0	2309	22311
Clinic	4	B	78.5	107	214	n/a	N/A	100.0	840	1980
Clinic	4	W:1.5	78.5	107	214	n/a	N/A	100.0	840	1980
Clinic	4	W:2.0	78.5	107	214	n/a	N/A	100.0	840	1980
Clinic	4	W:3.0	78.5	107	214	n/a	N/A	100.0	840	1980
Clinic	4	W:6.0	78.5	107	214	n/a	N/A	100.0	840	1980
Clinic	4	cur	78.5	107	214	n/a	N/A	100.0	840	1980
LTU_AHouse	4	B	56.8	305	540	72	FAIL	100.0	3575	22311
LTU_AHouse	4	W:1.5	58.8	168	387	72	FAIL	100.0	3054	22311
LTU_AHouse	4	W:2.0	50.0	141	345	72	FAIL	100.0	2846	22311
LTU_AHouse	4	W:3.0	34.6	49	315	72	FAIL	100.0	2618	22311
LTU_AHouse	4	W:6.0	32.7	44	303	72	FAIL	100.0	2521	22311
LTU_AHouse	4	cur	33.0	41	299	72	FAIL	100.0	2431	22311
Clinic	14	B	54.0	32	118	n/a	N/A	100.0	763	1980
Clinic	14	W:1.5	54.0	32	118	n/a	N/A	100.0	763	1980
Clinic	14	W:2.0	54.0	32	118	n/a	N/A	100.0	763	1980
Clinic	14	W:3.0	54.0	32	118	n/a	N/A	100.0	763	1980
Clinic	14	W:6.0	54.0	32	118	n/a	N/A	100.0	763	1980
Clinic	14	cur	54.0	32	118	n/a	N/A	100.0	763	1980
LTU_AHouse	14	B	20.3	257	431	118	FAIL	100.0	3402	22311
LTU_AHouse	14	W:1.5	21.0	113	302	118	FAIL	100.0	2887	22311
LTU_AHouse	14	W:2.0	21.2	106	264	118	FAIL	100.0	2683	22311
LTU_AHouse	14	W:3.0	17.9	23	245	118	FAIL	100.0	2461	22311
LTU_AHouse	14	W:6.0	15.6	20	234	118	FAIL	100.0	2371	22311
LTU_AHouse	14	cur	15.6	17	230	118	FAIL	100.0	2281	22311
